{
  "threshold": 9.28731918334961,
  "margin": 0.5,
  "auc": 0.6,
  "youden_j": 0.24285714285714283,
  "n_real": 14,
  "n_fake": 15
}